doctor_id,full_name,specialization,department_id,hospital_id,phone_no,record_start,record_end
D00001,Dr. William JENKINS,Oncology,DEP06,H02,8152462504,2023-05-21,2024-03-07
D00002, Dr. Cathy majeed ,Orthopedics,DEP02,H04,+1-740-807-2720x08099,2023-03-12,
D00003,Dr. Yafi Maheen,Neurology,DEP02,H01,001-443-647-5209x3613,2023-03-30,
D00004,Dr.  Ihtesham  Umaarah,Cardiology,DEP08,H05,347.533.2162,2023-01-10,
D00005, Dr. K@uth@r ge0rge ,Cardiology,DEP05,H03,+1-409-344-7211x5267,2023-03-09,
D00006,"dr. ghaith idris,",ENT,DEP04,H01,8208506026,2023-02-27,2023-11-26
D00007,Dr.  Emran  ubaid,ENT,DEP10,H04,461.372.1971x29167-,2023-05-07,2024-03-24
D00008,DR. QATADAH THOMAS_,pediatrics,DEP03,H02,+1-620-817-0863x950,2023-06-30,
D00009,Dr. Jared webb,Oncology,DEP07,H01,(772)744-1299,2023-04-27,
D00010,Dr. M@d Om@ir,Neurology,DEP06,H05,+1-477-497-7412x683,2023-05-30,2024-05-16
D00011,Dr. Dustin Il@n,cardiology,DEP10,H05,001-495-743-3032x33360,2023-05-06,
D00012,Dr. Jessica radi,Oncology,DEP02,H05,001-778-600-2193x4420,2023-02-17,
D00013,Dr. Alex Cooper,Cardiology-,DEP09,H04,(440)292-0040,2023-03-20,2024-01-02
D00014,Dr. Frank Q@beel,Neurology,DEP04,H04,(567)396-4334,2023-04-24,
D00015,dr. @zeeb h0w@rd,Orthopedics,DEP03,H05, (226)987-7412X239 ,2023-02-03,2023-12-29
D00016,dr. katherine le,Oncology,DEP05,H01,898.904.5796x365,2023-03-25,2023-09-22
D00017,Dr. Labeeb Mad,ENT,DEP06,H02,4019046120,2023-04-12,
D00018,dr. anth0ny bryant,ent,DEP06,H01,344-605-0782x70306.,2023-02-03,2023-10-28
D00019,"Dr. Raees Mills,",Oncology,DEP04,H02,(866)338-3933.,2023-04-07,
D00020,Dr. stephanie Rafay,Cardiology,DEP09,H02,(477)742-8758,2023-06-24,
D00021,Dr. Gulz@r Naeem_,Neurology,DEP08,H01,(790)738-8302x4079,2023-03-19,2023-11-06
D00022,dr. muzdahir gordon,PEDIATRICS,DEP06,H05, 725.799.3627x2337 ,2023-03-05,2023-12-15
D00023,dr. taamir luay_,ent,DEP04,H01, +1-520-772-4332x28619 ,2023-04-12,
D00024,Dr. todd Aamir,Cardiology,DEP07,H02,001-689-378-4745x816,2023-02-11,2023-10-05
D00025,Dr. Mahfooz James,ent,DEP01,H02, 571-525-1932x698 ,2023-01-03,2023-09-07
D00026,Dr. Emily QABEEL, Oncology ,DEP05,H04,5515926843,2023-06-06,2024-06-02
D00027,DR. VINCENT BIZHAN,Orthopedics,DEP03,H02,590.478.7324x897,2023-05-07,
D00028,dr. dakhil taylor-,PEDIATRICS,DEP06,H03,603-868-8435,2023-03-30,2024-02-25
D00029, Dr. Majd Watson ,ent,DEP05,H01,001-496-755-5416x263.,2023-05-07,2023-11-26
D00030,"Dr. Wendy Lopez,", Neurology ,DEP01,H02,+1-695-822-5945,2023-02-14,
D00031,Dr. Leslie Zahur,ENT,DEP09,H03,(855)744-1446x739,2023-06-23,2024-03-09
D00032,Dr. Lynn Baashir, ent ,DEP07,H02,(384)783-5024,2023-04-28,2023-11-24
D00033,Dr. Felicia gray,oncology,DEP09,H03,001-750-345-6027X46393,2023-06-06,2024-04-09
D00034,Dr.  AADAM  Lynch,cardiology,DEP03,H04,(383)716-7915x642,2023-02-26,2024-02-12
D00035,Dr. Jahdari Qusay,ent,DEP02,H01,(814)582-9849,2023-02-14,2023-11-30
D00036,Dr. Elaf  Murphy,Oncology,DEP03,H04,(288)318-5389x44524,2023-04-25,2024-01-14
D00037,DR.  RAHEEM  BILAAL,oncology_,DEP03,H01,(678)720-4226,2023-04-21,
D00038, Dr. Ghalib_ Batool ,ENT,DEP10,H03,806-364-2303x6048,2023-04-09,
D00039,Dr. Omar Cole,ent,DEP01,H05,(909)274-3506x84059,2023-03-21,2023-09-26
D00040,dr. fahmi yasir_,neurology,DEP05,H05, +1-782-861-1104x065 ,2023-06-06,
D00041, Dr. Qabeel Auraq ,Neurology,DEP02,H04,550.659.4059x288,2023-04-18,
D00042,Dr. Man Payne,Neurology,DEP10,H04,830-507-7208,2023-03-15,
D00043,Dr. Maria Kline,PEDIATRICS,DEP01,H02,+1-585-359-2871X0973,2023-01-31,2023-12-05
D00044,Dr. Sabeeh aasif-,Pediatrics,DEP05,H01,845.339.1631x8898,2023-06-26,2024-05-09
D00045,Dr. Guney HANSON,Cardiology,DEP04,H04,+1-819-927-0549x702,2023-04-09,
D00046,DR.  TERESA  RANDOLPH,Cardiology,DEP04,H02,+1-911-679-0845x707,2023-02-19,2023-09-07
D00047,dr. qaasim tahmaseb,Oncology,DEP07,H03,350.661.6286x265,2023-02-23,
D00048,Dr.  Naib  Mcmillan,Orthopedics,DEP05,H03,573.469.2296,2023-01-20,
D00049,dr. jameel wolfe,ENT,DEP02,H03,001-807-811-7639x4669,2023-06-04,2024-05-03
D00050,Dr.  Brittney  Taylor, Pediatrics .,DEP01,H02,001-599-441-5970x45576,2023-01-11,2023-10-12
D00051,Dr. Quadir Friedm@n.,Cardiology,DEP10,H03,364.786.3078x4128,2023-02-26,2023-12-10
D00052,DR. MAALIK AWADIL,Pediatrics,DEP02,H05,001-484-589-0920x3828,2023-05-10,
D00053,dr. durab aatiq, Cardiology ,DEP06,H03,(887)964-5351x9610,2023-06-11,2024-04-10
D00054,Dr. Ian Aamir, cardiology ,DEP04,H02,+1-770-361-1447,2023-03-19,
D00055,Dr. Bairbel baker,Oncology,DEP09,H05, 505-706-0790x3569 ,2023-05-10,2023-11-10
D00056,"dr. sarah kelly,",cardiology,DEP06,H01,(423)421-8234,2023-05-19,2024-03-01
D00057,dr. amanda baaqir,Oncology,DEP10,H02,204-474-7410x779,2023-03-03,
D00058,Dr. Michael- Gohar-,ENT,DEP03,H02, 759.943.7124X85192 ,2023-06-22,2024-02-08
D00059,Dr. Ayamin Uhban,c@rdi0l0gy,DEP08,H05,001-461-619-1580x269,2023-01-23,2023-10-20
D00060,Dr. Travis Hudson, Oncology ,DEP07,H04,9086172721,2023-06-30,
D00061,Dr.  Brent  Beck,Neurology,DEP09,H02,001-337-649-6128x67062,2023-04-24,2023-11-25
D00062,DR. TALHAH SAAL, Orthopedics ,DEP03,H02,(449)942-5230x03800,2023-03-22,2023-10-07
D00063,Dr. bridget- Aadam,Pediatrics,DEP09,H01,958-997-9190X48570,2023-03-05,
D00064,Dr. Lutf  Richardson,Neurology,DEP02,H01,+1-474-223-1857x322,2023-04-13,
D00065,Dr. Jennifer wiggins,neurology-,DEP06,H04, 001-922-392-7874x27868 ,2023-01-22,2023-09-17
D00066, Dr. Megan Rose ,cardiology,DEP07,H01,+1-250-915-0298,2023-03-03,2024-02-26
D00067,Dr. Meagan  Aarif,Oncology,DEP07,H04,+1-866-860-9549x359_,2023-05-19,2023-12-21
D00068,Dr.  kareem  TAAJ_,cardiology-,DEP05,H05,834-623-9347x62067,2023-02-19,2024-02-19
D00069,dr. david monroe,neur0l0gy,DEP04,H05,2517474639,2023-01-29,2024-01-16
D00070, Dr. Yaqeen D@vis ,Cardiology,DEP03,H01,(802)592-0550x4616,2023-03-17,2024-02-14
D00071,Dr. lauren JAMEEL,ENT,DEP01,H03,(651)447-1803,2023-01-16,
D00072,DR. H@MZ@ MORENO,Cardiology,DEP07,H01,961-854-1724x2980,2023-05-05,
D00073,Dr. benjamin johnson,Oncology,DEP02,H02,351-814-4167,2023-04-14,2024-01-19
D00074,Dr. Yafir Basaam,cardiology,DEP01,H01,8778062485,2023-05-04,2024-01-09
D00075,Dr. Raashid Ihsaan,Neurology,DEP08,H01,,2023-02-28,
D00076,Dr. zaweel Huzaifa,ent,DEP06,H04,641.519.2189x0252,2023-05-09,2023-11-13
D00077,Dr. zaahir zaahid,Cardiology,DEP07,H04,"(846)264-8946x80653,",2023-02-20,2023-09-14
D00078,"Dr. Dastageer, Nelson",ORTHOPEDICS,DEP04,H04,680-220-4626x3661,2023-01-14,2023-10-24
D00079,dr. sabeeh hicks,neurology,DEP08,H01,886-629-5842x9040,2023-02-22,2024-01-10
D00080,Dr. Katrina hess_,ENT,DEP10,H05,001-321-933-9861,2023-01-06,
D00081,Dr. Bashaar turner, Orthopedics ,DEP02,H04,001-533-823-3460x9949,2023-01-30,2023-10-28
D00082,Dr. Chloe Smith,Cardiology,DEP09,H05,370.926.5323,2023-05-07,2024-03-13
D00083, Dr. Nafesa Mcneil ,ENT,DEP09,H05,001-965-667-1892x409,2023-03-07,
D00084,Dr. saahir huzaifa,Cardiology,DEP06,H04,(953)373-6486,2023-01-04,
D00085,Dr.  Le@h  Nabeel,Cardiology.,DEP08,H04, 731-678-9838 ,2023-01-26,
D00086,Dr. Mahad JOHNSON,Pediatrics,DEP06,H03, 277-460-1671x007 ,2023-01-29,2024-01-23
D00087,Dr. Lind@ ihtiram,Pediatrics,DEP10,H03,,2023-03-06,
D00088,Dr. TAHMEED Raashid,Oncology,DEP10,H04,672.388.0955x71315,2023-06-20,
D00089,Dr. Jennifer White,"ENT,",DEP10,H04,,2023-02-20,2023-11-12
D00090,Dr. ronald Heath,CARDIOLOGY,DEP01,H02,001-329-886-1943,2023-01-27,
D00091,Dr. esfandyar Li,ORTHOPEDICS,DEP02,H05,396.908.2356x36522,2023-06-23,2024-02-15
D00092,Dr. tyler SADAQAT.,Pediatrics,DEP05,H03,+1-588-468-5924x00908,2023-05-13,2024-03-31
D00093,Dr. ZAFRUL Aasif,ent,DEP10,H01,+1-939-745-7433,2023-04-12,2023-11-06
D00094,Dr. azeeb Manning,Oncology,DEP10,H01,519-442-7749x050,2023-02-02,
D00095,Dr. valerie Steele,Neurology,DEP03,H02,+1-791-544-4956x1860_,2023-01-17,2023-12-04
D00096,Dr. roger Talal,pediatrics,DEP01,H05,327.260.1382,2023-01-26,2023-09-16
D00097,dr. john. jaabir,Orth0pedics,DEP01,H04,211-815-1361x6890,2023-03-13,2023-12-27
D00098,Dr. Ejlaal sair,ent,DEP04,H02,7798739164,2023-04-20,2023-11-06
D00099,Dr. Andrew Kaleem_,neurology,DEP08,H03,9352264927,2023-04-18,2024-02-26
D00100,Dr. taahir Wilson,Oncology,DEP05,H03,+1-677-996-9977x643,2023-06-18,2023-12-20
D00101,Dr. madyan JAHDARI, Orthopedics ,DEP03,H01,523-379-8883x860,2023-03-18,2024-02-19
D00102,Dr. Talat Lynch,Oncology,DEP04,H05,001-679-692-6737X856,2023-05-02,2024-03-10
D00103,Dr. Aarif Zafar,neurology,DEP08,H01, 507-497-4496x57090 ,2023-03-11,2023-12-05
D00104, Dr. Sarah jahdari ,NEUROLOGY,DEP04,H02,418-996-8854x3403,2023-02-10,
D00105,Dr. Yameen  Burns,Pediatrics,DEP06,H03, 478-327-4899x149 ,2023-01-29,
D00106,Dr. Janice Saariyah-, c@rdi0l0gy ,DEP08,H02,+1-485-654-9606,2023-03-28,2024-02-16
D00107, Dr. R@@mis  H@ley ,Orthopedics,DEP01,H02,,2023-01-04,
D00108,dr. kazim saafir,Cardiology,DEP01,H03,(841)223-9658,2023-06-14,
D00109,Dr. Muzhir Ghannam,pediatrics,DEP01,H05,(588)576-6809x4985,2023-06-12,2024-05-31
D00110,Dr. KAMIL Long,Cardiology,DEP06,H04,914.366.3196x5485,2023-02-08,
D00111,Dr. richard IHTIRAM,Pediatrics,DEP01,H01,+1-273-803-3512x725,2023-04-26,2023-12-24
D00112,Dr. Taha Aalam,Cardiology,DEP08,H04,(759)537-3098x1116,2023-01-18,2023-10-14
D00113,DR. YAFIR WOODS,Neurology,DEP10,H05,240.352.5168x15519,2023-01-16,
D00114,dr. yamar ross,Orthopedics,DEP10,H04,7704923276-,2023-05-30,2024-05-28
D00115,Dr. Raahil  Chen,Pediatrics,DEP07,H03,754.605.3329,2023-06-30,
D00116,Dr. George Jahdari,Orthopedics,DEP09,H01,+1-506-501-0604,2023-04-05,2023-10-27
D00117, Dr. gh@s@@n W@d00d ,ENT,DEP10,H05,630-610-1339x9087,2023-06-05,2024-02-20
D00118,dr.  mary  rabbani, ENT ,DEP05,H04,(720)425-2444x5017,2023-05-13,2024-04-10
D00119,dr. kelli naeem,Cardiology,DEP04,H01, 732.810.4789 ,2023-06-10,2024-03-29
D00120, Dr. Kawthar Yasir ,Orthopedics,DEP10,H03,(454)213-0691,2023-04-24,
D00121,Dr. layth young,NEUROLOGY,DEP10,H04, 258.884.7772x1197 ,2023-01-31,
D00122,Dr. Susan Umair,ONCOLOGY,DEP03,H01,432-653-0486,2023-03-24,
D00123,DR. IBN COLE,Oncology,DEP05,H05,864-856-4978,2023-01-21,
D00124,Dr.  Amanda  aaaqil,PEDIATRICS,DEP05,H01,001-332-812-4369x5655,2023-01-27,2024-01-18
D00125,Dr. Mary Ihsaan,ENT,DEP05,H01,385-373-2797,2023-05-24,2024-04-01
D00126,"Dr. Richard Gutierrez,",orthopedics,DEP01,H04,251.741.7679x5430,2023-01-05,
D00127,Dr. A@sim smith,ENT,DEP09,H01,704-468-3148,2023-01-11,
D00128,Dr. Qaim Swanson,Pediatrics,DEP05,H03,001-438-343-1675x14125,2023-05-06,
D00129,Dr.  Tyler  Lewis,ENT,DEP10,H05,(252)441-6319X35463,2023-05-21,2024-03-07
D00130,Dr. S@ndr@  Aguilar,Cardiology,DEP10,H02,(632)945-9161,2023-01-18,2023-12-05
D00131, Dr. Tyler Saahir ,Cardiology,DEP08,H03,,2023-05-06,
D00132, Dr. NICOLE aamir .,"pediatrics,",DEP08,H02,593-946-3921x7798,2023-06-15,2024-05-18
D00133,Dr. Alison  warren, Neurology ,DEP07,H03,252.735.1711x256,2023-06-20,
D00134,Dr. Talhah TAHAW-WUR,ENT,DEP02,H05,928-245-6655,2023-06-09,2024-03-31
D00135,Dr. jennifer Fisher,ENT,DEP07,H05,+1-378-412-0820x727,2023-06-28,
D00136,Dr.  tahmid  Saaqib, Oncology ,DEP08,H04,505.376.2801x01273,2023-03-12,2023-09-23
D00137,Dr. Betty Simmons, ENT ,DEP10,H03,(907)632-5215,2023-05-13,2024-04-10
D00138,Dr. jonathan F0x,ENT,DEP03,H03,464.720.3657,2023-06-26,2024-05-31
D00139,Dr. J@lees Doyle,ENT-,DEP10,H05,8989219341,2023-02-16,2023-10-03
D00140,Dr. William mahmoud,Neurology,DEP02,H01, +1-451-460-9809 _,2023-03-01,
D00141,Dr. yasin Allen,NEUROLOGY,DEP05,H04,(824)806-4331,2023-06-19,
D00142,Dr. Joshua Esfandyar,neurology,DEP08,H05,5094708230,2023-05-23,2024-04-01
D00143,Dr. Basim hayes, Oncology _,DEP08,H05,(967)781-6960x68512,2023-06-15,2024-03-29
D00144,DR. QUDDOOS TALAT,NEUROLOGY,DEP05,H04,+1-334-550-6996x1651,2023-03-01,
D00145,dr. makeen tahaw-wur., orthopedics ,DEP04,H03,+1-810-673-2722x4620,2023-04-19,
D00146,Dr. Aadil Cox,ENT,DEP06,H03,"+1-203-246-5360x62836,",2023-02-06,2023-10-18
D00147,DR. SCOTT LIYAQAT,Pediatrics,DEP05,H01,001-620-594-0297x439,2023-02-15,
D00148,Dr. Veronica ZAHUR,NEUROLOGY,DEP08,H01,+1-702-891-8621x3383,2023-01-28,2023-11-09
D00149,Dr.  Aatif  drake,Pediatrics,DEP04,H01,311.375.6694,2023-05-02,2023-11-25
D00150,dr. tishk raaghib,Pediatrics,DEP07,H01, 6257820561 ,2023-02-19,2023-10-21
D00151,DR. ULFAT SAAL, Pedi@trics ,DEP06,H01,555-778-2165x94539,2023-02-05,2023-09-25
D00152,Dr. Labeeb- Jaabir,Neurology,DEP07,H02,864-501-7134x257,2023-01-05,2023-12-15
D00153,Dr. Brenda  Coleman,Neurology,DEP01,H05,+1-414-537-6631x11426,2023-05-26,
D00154, Dr. brenda walters ,Orthopedics,DEP09,H04, (953)582-2285 ,2023-02-18,
D00155,Dr. DAVID Freeman,Neurology,DEP01,H05,001-445-277-3218x41522,2023-01-12,
D00156,Dr.  sally   Saalim,Pediatrics,DEP02,H03,540.418.1438.,2023-06-23,
D00157,Dr. Ashlee Sadeed,ent,DEP02,H02,(382)592-3528x425,2023-01-25,
D00158,Dr. B@h@ mcconnell,Pediatrics,DEP07,H01,5752846068,2023-02-19,2023-12-28
D00159,Dr. @big@il ubay,ENT,DEP10,H05,209-226-7773x20407,2023-05-14,2024-04-27
D00160,Dr.  Aadil   Ray,Pediatrics,DEP06,H03,887-783-0738,2023-06-15,
D00161,Dr. alexis Zahaar,CARDIOLOGY,DEP07,H03,+1-411-820-3253X0624,2023-03-14,
D00162,Dr. baahir T@yl0r,Cardiology,DEP07,H02,001-564-412-7760,2023-05-18,
D00163,Dr. Amy Q@sif,PEDIATRICS,DEP05,H05,647-923-6225-,2023-05-04,
D00164,dr. b@seer ubaid,Orthopedics,DEP07,H03,+1-529-306-0616,2023-03-19,
D00165,Dr. Baasit Sair, Neurology ,DEP07,H01,+1-970-286-1988X363,2023-05-31,2023-12-03
D00166,Dr. Derek Mahbub,Neurology,DEP07,H05,742-805-2356x0557,2023-02-13,2023-11-14
D00167,dr. zackariya friedman,orthopedics,DEP10,H04,001-409-614-2654X372,2023-01-20,
D00168,Dr. QADAR- Parrish,ENT,DEP05,H05,+1-672-295-6336x9003,2023-02-05,2023-08-16
D00169, Dr. James Aamir ,Cardiology,DEP09,H04,527.769.5238x3421,2023-06-02,
D00170,dr. christopher  iftikhaar,PEDIATRICS,DEP03,H02,+1-576-498-2929X2761,2023-01-07,
D00171,Dr. qusay ARNOLD,Oncology,DEP09,H04,(766)885-2177x2106,2023-04-30,
D00172,Dr. Danish Ihsaan,ENT,DEP09,H03,001-595-465-1846_,2023-06-07,2023-12-08
D00173,"Dr. Dawud, saboor-",Oncology,DEP04,H05,001-711-736-5926x5096,2023-06-05,2024-04-11
D00174,dr. keyaan brown,ent,DEP10,H05,,2023-05-11,
D00175,Dr. Michael Mourib,orthopedics,DEP04,H04,(835)227-1413x43092,2023-04-25,2023-12-21
D00176,Dr. Zaweel Lewis,Orthopedics,DEP03,H03,+1-280-880-1764x27121,2023-03-07,
D00177, DR. RICHARD RAFEEK ,ENT,DEP07,H04, +1-237-784-1628x6682 ,2023-04-13,
D00178,Dr. harnail Wright,ENT,DEP04,H03,+1-620-798-4583x426,2023-06-18,2024-06-02
D00179,Dr. Zahi Fr@zier,Oncology,DEP04,H05,001-857-230-5270x039,2023-04-14,
D00180,Dr.  cynthia  t@@j,Cardiology,DEP04,H01,970.509.4097,2023-03-15,2023-12-16
D00181, DR. GULZAR AWADIL ,Cardiology,DEP03,H05,001-284-918-8242,2023-06-24,2024-02-03
D00182,Dr. Henry Peterson,Cardiology,DEP01,H01,+1-937-881-4179x4704,2023-06-24,2024-06-15
D00183,Dr. jessica Ubaidah,cardiology,DEP08,H04,3833308979,2023-03-21,2023-10-14
D00184,Dr. KAAMIL nabih,CARDIOLOGY,DEP01,H03,,2023-04-28,
D00185,Dr. Ghauth walker,ENT,DEP10,H03,+1-476-258-8460-,2023-05-09,2024-01-24
D00186,dr. alexandra kashif, CARDIOLOGY .,DEP04,H05,,2023-06-24,2023-12-22
D00187,Dr. Wahb zafir,Neurology,DEP09,H01,+1-503-364-2646x54567,2023-04-14,2024-01-02
D00188,Dr. Ashley Singh,pediatrics,DEP01,H02,433.291.2595x9698,2023-06-29,
D00189,Dr. Ralph ghayoor,ENT,DEP10,H04,371.809.3228,2023-02-15,
D00190,Dr. Aadil Azban,Orthopedics,DEP02,H02,839-752-1137,2023-04-21,
D00191,Dr. David barraq,Orthopedics,DEP04,H05, +1-660-509-5014x527 ,2023-02-23,
D00192,dr. charlesh ghannam,pediatrics,DEP10,H01,(787)711-8689x914,2023-05-15,2024-03-28
D00193,Dr. JEFFERY CHARLES,Neurology,DEP04,H02,369.399.7354x059,2023-02-27,
D00194,"Dr. Deborah Jahdari,",Neurology,DEP10,H04,(894)808-0801x19389,2023-02-20,2023-11-24
D00195,Dr. Ehs@@s R0ch@,pedi@trics,DEP03,H05,5287930514,2023-06-23,
D00196,dr. eijaz raashid,Pediatrics,DEP02,H01,(350)446-6879x255,2023-03-27,2023-12-06
D00197, dr. heather navarro ,Neurology,DEP10,H02,385-835-2216x49161,2023-04-18,
D00198, dr. andrew saajid ,Pediatrics,DEP01,H01,796.800.9215x66545,2023-03-31,
D00199,Dr. Awmar GHAUTH, Cardiology ,DEP05,H02,955.219.2510x25793,2023-01-10,2023-09-12
D00200, Dr. Christina majd ,Orthopedics,DEP10,H04,,2023-03-08,
D00201,Dr. Jason ubadah,Cardiology,DEP07,H01,728-599-4724x31180,2023-01-27,2023-11-24
D00202, Dr. Jameel Gardner ,ENT,DEP05,H03,,2023-02-06,
D00203,Dr.  Ihab  smith.,Cardiology,DEP07,H02, (993)575-9520x7668 ,2023-06-30,2024-02-28
D00204,dr. william spencer,ORTHOPEDICS,DEP01,H03,+1-674-560-3621x345,2023-04-06,2023-10-03
D00205, Dr. BASEL Kasam ,cardiology,DEP09,H05,699.878.3486x7127,2023-04-29,
D00206,Dr. natalie Sabir,ENT,DEP08,H01,347.999.3564x43962,2023-02-12,
D00207,Dr. steven  c00per,Cardiology,DEP06,H01,(332)311-4188,2023-01-14,
D00208,Dr. Aamir nadeem-,ENT,DEP01,H04,239-333-8495x62860,2023-02-11,
D00209,Dr. robert Fleming,"Neurology,",DEP07,H02,,2023-03-09,
D00210,DR. KAREN AYAMIN,Neurology,DEP10,H04,396.544.8221x432,2023-06-06,2024-01-31
D00211,DR. OMRAN WAFEEQ,Oncology,DEP07,H02,,2023-06-22,2024-05-04
D00212,Dr. Umaarah NAEEM,ENT,DEP06,H01,866-505-0659x4549,2023-01-07,2023-09-19
D00213,Dr. Ali Kaamil,cardiology,DEP01,H02,,2023-02-13,2023-08-21
D00214,dr. jaabir gill,Pediatrics,DEP10,H02,7189891305,2023-05-13,
D00215,DR. KIMBERLY UB@Y,ENT,DEP08,H04,678-536-9769x2164,2023-02-11,
D00216,"Dr. Kabeer, Garza",Pediatrics_,DEP05,H01,+1-616-310-4042x51440,2023-01-18,2023-09-10
D00217,Dr. Stephanie  H0well,Oncology,DEP07,H03,001-975-641-7564x23820,2023-02-07,2023-08-22
D00218,Dr. Madiyan nguyen,NEUROLOGY,DEP01,H04,3705916216,2023-04-26,2024-04-22
D00219,Dr. qaadir Zaahid,Orthopedics,DEP04,H05,(270)826-0340,2023-05-27,2024-01-16
D00220,Dr. DANIEL Maheen,Pediatrics,DEP06,H04,+1-875-712-9067x0231,2023-01-20,
D00221,Dr. Aariz herrera,Cardiology,DEP04,H05, +1-205-872-0741x77285 ,2023-06-21,2024-05-31
D00222,Dr. Jad  Bush,ENT,DEP09,H05,3638443230,2023-05-17,2024-04-07
D00223,Dr. Mark. AALAM,ENT,DEP01,H01,001-827-939-1625x3688,2023-01-11,
D00224,Dr. Allen- Shaw,Pediatrics,DEP06,H01,001-982-226-1396x4126,2023-06-02,2024-03-18
D00225,Dr. Elizabeth Weber,Pediatrics,DEP02,H04,(531)707-8275,2023-03-15,
D00226,Dr. Blake Luay, Orthopedics ,DEP02,H01,947.349.0089x4351,2023-06-24,
D00227,dr. cassie damurah,Onc0l0gy,DEP08,H02,(795)328-5905x4478,2023-02-28,2023-11-02
D00228,Dr. @utumn z@@hid,neurology,DEP06,H03,,2023-04-21,
D00229,DR. JOHN DAWUD,ent,DEP05,H05,,2023-05-18,
D00230,Dr. Tadeen Adams,Oncology,DEP03,H02,,2023-06-16,
D00231,dr. donald quinn, neurology ,DEP03,H03,(822)919-6422_,2023-05-10,2024-01-18
D00232, DR. JAMEEL SAARIYAH ,Orthopedics,DEP01,H01,+1-350-345-1223x01285,2023-04-13,2024-01-02
D00233,Dr.  Kristen   moore,Neurology,DEP09,H05,(912)917-3583x8909,2023-01-23,
D00234,dr. charlesh nich0ls,Cardiology,DEP02,H03,643.451.5119x78952,2023-03-13,
D00235,DR. THERESA HUFF, Cardiology ,DEP01,H05,359.716.8547,2023-05-31,
D00236,dr. wadi taimur,ENT,DEP07,H02,533.709.0254x22453,2023-01-03,
D00237,dr. ghazawan  y0ung,Neurology,DEP08,H03,448.653.3051,2023-06-28,2024-03-29
D00238,Dr. Mark Wright,neurology,DEP10,H02, 001-711-844-8651x03566 ,2023-05-16,2024-02-10
D00239,DR. YASHEM DALTON,oncology,DEP09,H03,860-326-2410x459,2023-06-14,
D00240,Dr. obaid Sexton,Neurology,DEP09,H04,549-790-5481x28318,2023-06-08,2024-04-30
D00241,DR. KRISTIN DAWUD,Pediatrics_,DEP03,H01,(370)308-2784x705,2023-03-03,
D00242,Dr. Jeffrey Howard,Pediatrics,DEP07,H02, 720-772-3070 ,2023-04-13,2024-03-21
D00243,Dr. ihab  lopez,Pediatrics,DEP01,H05,+1-916-365-6067X96871,2023-06-10,2024-04-21
D00244,Dr. Kyle  Umar,ent,DEP04,H04,275-497-7784x8399,2023-05-24,
D00245,Dr. Zahur russell,Neurology,DEP07,H05,244-645-3800,2023-01-30,2023-10-08
D00246,Dr. christopher  Talat_, Orthopedics ,DEP08,H04,001-901-331-4671x49808,2023-02-18,2023-10-25
D00247,DR. BRITTANY CHANDLER,Oncology,DEP06,H04,001-227-627-1143,2023-02-12,2023-12-13
D00248,Dr. Umair raaghib,Oncology,DEP09,H01,(744)653-7530_,2023-03-04,2023-12-13
D00249,Dr. Anna Lahiah, Pediatrics ,DEP07,H01,559.565.2931x36579,2023-06-08,2024-04-20
D00250,Dr. Umair Zafir,Pediatrics,DEP03,H02,"775-274-1765x818,",2023-06-24,
D00251,dr. tahaw-wur vaughn, Cardiology -,DEP10,H01,704.537.7087x3559,2023-06-03,2024-02-12
D00252,Dr. Yaseen Aalam, Oncology ,DEP04,H03,(416)433-3696,2023-04-09,
D00253,dr. wahhaab fisher,CARDIOLOGY,DEP01,H04,(983)912-0627,2023-06-13,
D00254, DR. GHAWTH ZAAFIR ,Cardiology,DEP05,H02,516.378.4845,2023-06-30,2024-02-21
D00255,Dr. Aayan Gohar,ENT,DEP05,H03,+1-891-944-6329x5930,2023-01-27,2023-11-24
D00256,Dr. Qawee Dakhil,Pediatrics,DEP03,H03,8693619128,2023-02-13,2023-11-30
D00257,Dr. dameer Jalil,pediatrics,DEP06,H02,,2023-01-10,2023-10-25
D00258,Dr. Saburah stone,Pediatrics,DEP02,H03,(546)413-2609,2023-05-27,2023-11-27
D00259,Dr. Jim  Burke,Neurology,DEP10,H04, +1-437-559-6095 ,2023-03-12,
D00260,dr.  benjamin  hernandez,Oncology-,DEP05,H03,272-724-4970,2023-01-19,2023-09-05
D00261,Dr.  Zabir  v@h@r,Cardiology,DEP05,H04,,2023-02-02,2023-08-12
D00262,dr. khaalid ubadah.,Neurology,DEP03,H01,413.206.7615x4961,2023-05-30,
D00263,Dr.  Jahanzeb  Graves, ent ,DEP04,H04,+1-673-798-6428x8375,2023-05-31,2024-03-27
D00264, Dr. emily vahar ,Pediatrics,DEP01,H02,704.248.3388x18829,2023-05-16,
D00265,DR. EDWARD ESPIN0Z@,Neurology,DEP10,H02,(581)477-8083,2023-01-27,2023-10-16
D00266,Dr. Mahfooz_ Ehsaas,Pedi@trics,DEP10,H03, 001-943-580-2480x69903 ,2023-01-24,2024-01-15
D00267,Dr. Evelyn Galvan,ONCOLOGY,DEP07,H04,(231)546-9416x945,2023-04-04,2024-02-04
D00268,Dr. Jill Rafeek,Orthopedics,DEP01,H03,828.691.5039x57161,2023-05-12,2024-01-11
D00269, DR. LUTFI LEE ,ent,DEP05,H01, 591-444-7157x249 ,2023-05-28,
D00270,Dr. tabassum. Ghafoor,Neurology,DEP04,H02,717-682-4274x37256,2023-05-19,
D00271,Dr. Henry Naeem,Pediatrics,DEP10,H03,"3832750598,",2023-03-26,
D00272,dr. rich@rd lynch,Orthopedics,DEP02,H03, 972-848-2635 ,2023-04-21,2023-12-31
D00273,Dr. Kimberly Yar,Oncology,DEP01,H04,001-254-603-3119x171,2023-04-16,
D00274,dr.  radi  babar,ENT,DEP07,H01,926-498-4757,2023-01-15,2023-11-12
D00275,Dr. George Richardson, ENT ,DEP04,H05, 001-615-685-6639X35649 ,2023-01-31,
D00276,dr. kelly gh@y00r,Pediatrics,DEP08,H01,721-256-6873,2023-05-29,2024-04-04
D00277,Dr. Majd Jones,Oncology,DEP04,H04,833-302-7947x95465,2023-05-30,2024-02-27
D00278,dr. jasmine doyle, Cardiology ,DEP01,H03,987.555.4006,2023-03-14,
D00279,Dr. Makeen Ghayoor,cardiology,DEP04,H04,972-625-1600,2023-03-03,
D00280, Dr. Nabil Zaahid ,ENT_,DEP01,H04,001-350-699-0921x7077,2023-05-23,2023-12-01
D00281,Dr. Ghaffaar Zackariya,Orthopedics,DEP03,H01,911.607.3604x475,2023-06-05,2024-02-18
D00282,Dr. TAMANNA Wadi,Pediatrics,DEP03,H02,923-639-8601x036,2023-03-29,
D00283,dr. martin liyaaqat,Orthopedics,DEP09,H02,616-490-9946x344,2023-06-19,2024-03-13
D00284,Dr.  ATTAF  Kabeer,oncology,DEP03,H04,5246802649,2023-03-27,
D00285,Dr. Jacob Najeeb, ENT _,DEP02,H03,940-659-4061x3558,2023-06-12,
D00286,dr.  michael  calderon,Orthopedics,DEP01,H04, +1-324-773-0573 ,2023-06-26,2024-05-06
D00287,Dr. Sabah Yaghnam,Neurology,DEP06,H03,782.478.9195_,2023-04-12,
D00288,Dr. lindsey Wiley, oncology ,DEP09,H03,+1-757-302-0660x897,2023-05-12,
D00289,Dr. qabeel Hamilton,ENT,DEP06,H01,(799)607-9720,2023-05-08,2024-03-25
D00290,Dr. Emily. rabbani,NEUROLOGY,DEP06,H03,001-507-683-6467x9021,2023-05-21,
D00291,Dr. Muhazzim  Carroll-,Orthopedics,DEP07,H03, 317.950.1909x054 ,2023-03-17,
D00292,dr. nicholas scott,Pediatrics,DEP10,H03,(768)547-9753x0924,2023-02-26,2024-02-04
D00293,Dr. Y@hy@@ D@vid, Neurology ,DEP09,H05,410-897-2017,2023-04-09,
D00294,Dr. Patricia BAASHIR,Neurology,DEP10,H01,+1-752-971-5526,2023-01-23,2023-10-25
D00295,Dr. Susan Nelson,Cardiology,DEP06,H01, 001-634-572-5427x43526 ,2023-06-01,2024-02-17
D00296,Dr. Kamil Tali,orthopedics,DEP04,H02,(833)450-5954X0508,2023-05-17,
D00297,dr. qabeel rabbani,ENT,DEP06,H04,+1-785-660-7896X83443,2023-06-05,2024-02-07
D00298,Dr. Chelsey Rabar,Cardiology,DEP08,H02,6059598905,2023-02-01,2023-08-13
D00299, Dr. Awadil  Uhban -,Pediatrics,DEP05,H01,821-317-8691x990,2023-01-30,
D00300,dr. sandra jameel,ENT,DEP10,H04,(554)913-1262x441,2023-04-13,
D00301,Dr. Mark Brown,Neurology,DEP10,H02,+1-548-387-1891,2023-01-15,
D00302, Dr. J0n Um@r ,Cardiology,DEP06,H03,(466)497-6729x33782,2023-01-05,
D00303,Dr. Richard Barton,Neur0l0gy,DEP08,H04,518-516-2345x735,2023-02-13,2023-11-07
D00304,Dr. R@chel W@hh@@j,ENT,DEP02,H04,985.232.4357x2913,2023-06-28,
D00305,Dr. said Zahrun,ent,DEP07,H04, +1-682-656-3103 ,2023-02-22,2023-09-29
D00306,Dr. David_ Aazim, Orthopedics ,DEP10,H02,637-954-9205x695,2023-02-28,
D00307, Dr. Hazeem Davis ,Neurology,DEP06,H02,(770)484-9352X510,2023-01-21,
D00308, dr. ubadah matthews ,Neurology,DEP06,H03, 001-935-614-9049x871 ,2023-04-01,2023-11-12
D00309,Dr. David ubaadah,Orthopedics,DEP01,H05, 610-717-6702 ,2023-04-24,2023-11-09
D00310,Dr. Sus@n d@vis,Cardiology,DEP02,H03,289-662-1501,2023-05-29,2024-01-16
D00311,Dr. muzhir_ hunter,Pediatrics,DEP03,H01,+1-315-293-9360,2023-05-09,
D00312,Dr. JOHN Mahfuj, Neurology ,DEP06,H04, 799.704.8958x34497 .,2023-06-08,2024-01-05
D00313,Dr. Jody Kamran-,pediatrics,DEP05,H03,,2023-02-02,
D00314,Dr.  Christy   Taimur,neur0l0gy,DEP01,H01, 508-270-4984x119 ,2023-04-22,
D00315,DR. ATTAF NGUYEN,Pediatrics,DEP05,H01,966-495-9384,2023-02-17,
D00316,DR. KIMBERLY JOHNSON,Neurology,DEP01,H04,8035057570,2023-03-29,
D00317,Dr. Bri@n Baaqir,Oncology,DEP05,H04,(919)740-6051,2023-04-23,2023-12-18
D00318, Dr. Dean luay ,Cardiology,DEP09,H03,682-777-0473x0281,2023-03-04,2024-02-20
D00319,Dr. DIANA farrell,ENT,DEP07,H02,498.634.5440x19611,2023-02-03,2023-09-14
D00320,Dr. Richard Gregory,ENT,DEP05,H01,001-568-386-4161x540,2023-03-01,2024-02-12
D00321,dr. qadar  alexander,orthopedics,DEP03,H02,5592484948,2023-04-10,2024-04-02
D00322,Dr. Michael gallegos-,ENT,DEP08,H05,+1-392-792-1291x572,2023-05-30,2024-04-04
D00323,Dr. alexa Sadan, oncology ,DEP03,H03,(646)851-8376,2023-03-17,
D00324,dr. ghunayn zackariya,neur0l0gy,DEP04,H02,(225)408-4388x3270,2023-02-19,2023-11-03
D00325,dr. sue johnson,Pediatrics,DEP07,H03,236.492.2490X365_,2023-05-28,
D00326,DR. UMAR SOUMA," NEUROLOGY ,",DEP08,H05,001-239-810-2366,2023-05-29,2024-01-09
D00327,Dr. JENNIFER Yar,Pediatrics,DEP01,H02,448-457-6140,2023-01-09,
D00328,Dr. J@s0n Zaahid,"ENT,",DEP01,H03,001-898-958-7894x288,2023-05-21,
D00329,Dr. Rohaan Olsen,Neurology,DEP04,H02,(927)271-9748,2023-01-01,
D00330, Dr. Kevin  GULFAM , Oncology ,DEP02,H04,+1-384-209-4337x092,2023-03-17,2024-03-10
D00331,Dr. Tishk cervantes_, Pediatrics ,DEP05,H05,+1-647-432-0188x65919,2023-03-26,2023-11-24
D00332,Dr.  KENT  Bradley,Oncology,DEP08,H02,5608614685,2023-01-08,2023-10-26
D00333,Dr. Jocelyn  Ghauth,CARDIOLOGY,DEP04,H01,+1-231-960-6583x13864,2023-05-22,2023-12-09
D00334, dr. kenneth lopez , NEUROLOGY ,DEP08,H01,644.919.4775x680,2023-06-06,2024-06-04
D00335, Dr. Taamir  Fazli ,Cardiology,DEP05,H01,(829)415-5872,2023-01-28,2023-08-10
D00336,Dr. BRIDGET  Lut,Neurology,DEP03,H03,+1-240-824-9290x2035,2023-04-27,
D00337,Dr. Mahad Johnson, Neurology ,DEP05,H05,,2023-06-22,
D00338,Dr.  Michael  tafazal,ENT,DEP09,H01,,2023-03-13,2023-12-28
D00339,Dr.  IKRAAM - umar,ent,DEP01,H04,731-488-6292x308,2023-04-19,2024-02-12
D00340,dr. rayan zafir,oncology,DEP09,H02,704-415-5791x84655,2023-02-16,
D00341, DR. UBAYDULLAH SMITH_ ,neurology,DEP08,H04,001-731-471-6858x5734,2023-06-27,
D00342, Dr. najam Morris ,cardiology,DEP04,H05, 9795583374 ,2023-01-31,
D00343,Dr.  K@@mil  Kaleema,NEUROLOGY,DEP08,H05,365.954.8494x47741,2023-04-13,
D00344,Dr. Jaan  Vasquez .,cardiology,DEP10,H02, 890-732-2277 ,2023-03-22,2024-02-13
D00345,Dr. Ghufran Nguyen.,pediatrics,DEP03,H05,+1-624-461-1457x598,2023-01-28,2023-11-14
D00346,Dr. Tamam Karaamat,ENT,DEP05,H04, 294-715-7383x5419 ,2023-06-03,2024-01-12
D00347,Dr. Scott  Sabeeh,Cardiology,DEP04,H04, 680.598.1065X27862 ,2023-04-04,
D00348,dr. rita williams,Cardiology,DEP06,H02,+1-445-390-6717,2023-02-10,2023-10-14
D00349,dr. maahir  garcia,Neurology,DEP06,H02,397.324.9487x52692,2023-06-06,2024-03-28
D00350, Dr. Tahir Costa , ENT ,DEP01,H01,001-296-776-5657,2023-02-17,2023-10-02
D00351,dr. veronica rice,c@rdi0l0gy,DEP10,H03,(832)849-6874x081,2023-03-12,2023-12-01
D00352,Dr. Mich@el Ub@ydull@h,Pediatrics,DEP08,H02,944.922.6261,2023-05-24,2024-01-15
D00353, Dr.  Andrew  Mccullough ,Cardiology,DEP01,H02,837.414.6323,2023-01-21,
D00354, Dr. rabiah perez ,ENT,DEP04,H02,(936)956-3858X977,2023-06-03,
D00355,DR. MAAJID TORRES,Oncology,DEP02,H03,,2023-03-18,2023-09-27
D00356,Dr. D@@w00d Ghazzal,Orthopedics,DEP05,H04,+1-832-605-1825x6087,2023-01-14,2023-07-24
D00357,DR. AWANI CHAVEZ,NEUROLOGY,DEP06,H02,627-639-8219x43155,2023-02-03,2023-08-09
D00358,Dr. changaz  ray,Oncology,DEP07,H05,414.904.6109x03073,2023-03-09,
D00359,Dr. Savannah RABAR,Oncology,DEP05,H01,677-553-6821,2023-02-01,
D00360,Dr. Saim mccoy,Neurology,DEP08,H03,001-822-288-2125x70569,2023-04-21,2024-01-07
D00361,Dr. Nicholas  FIGUEROA,pediatrics,DEP02,H05,(595)882-4227x4372,2023-05-27,
D00362,Dr. Saajid Long, Pediatrics ,DEP09,H04,(378)890-7352x498,2023-03-08,
D00363,Dr. Raheem Ubaydullah,Onc0l0gy,DEP05,H01, (798)327-9358x20706 ,2023-06-05,2024-01-15
D00364,Dr. James Richardson,oncology,DEP05,H02, (302)930-6000 ,2023-06-24,2024-02-04
D00365,Dr. R@bb@@nee A@dil,Pediatrics,DEP02,H02,001-227-352-4599x4148,2023-04-14,2023-10-28
D00366,DR. QUTAYBAH AALAM,cardiology,DEP02,H04,834.255.3948,2023-06-26,
D00367,dr. emily tawkeel,Orthopedics,DEP07,H04, 274.438.3028x6696 ,2023-01-07,
D00368,Dr. Michelle shaffer_,Pediatrics,DEP08,H03,+1-387-377-6898x786,2023-03-10,2024-01-31
D00369,Dr. Karen mann,orthopedics,DEP08,H03,260-436-6165x761,2023-01-06,2023-07-21
D00370,Dr. Zafeer GHAFOOR,Oncology,DEP02,H03,267-755-0998,2023-03-28,
D00371,Dr. Clayton Majd Udeen,Pediatrics,DEP05,H01,"7918248037,",2023-05-04,2024-04-16
D00372,Dr. ELIZABETH Saajid,ENT,DEP10,H05,(975)875-9284x302,2023-03-15,
D00373,Dr. Anna Smith_,Neurology,DEP10,H03,001-970-543-9787x2431,2023-06-24,
D00374,Dr. Sc0tt lopez, Pediatrics ,DEP01,H03, +1-898-954-9226x6086 ,2023-06-06,2023-12-18
D00375,Dr. Nicole Pennington,ENT,DEP04,H03,897.796.1254,2023-03-19,2023-10-19
D00376,Dr. B@t@l Najeeb,Neurology,DEP01,H03,693.689.9828,2023-01-15,2024-01-07
D00377,Dr. Seth. Jahdami,Pediatrics,DEP04,H02,924.322.3587x66887,2023-03-11,
D00378,Dr. Ehan Robinson,cardiology,DEP05,H04,390-376-2919,2023-06-22,2024-04-09
D00379,dr. @li m@n,ENT,DEP03,H02, 495-609-9081x283 ,2023-06-17,
D00380,Dr. Lutf Shelton,Cardiology,DEP07,H05,,2023-02-15,2023-09-27
D00381,Dr. john Lopez,ENT,DEP09,H03,,2023-04-16,2023-11-05
D00382,Dr. Alexis luna,Pediatrics,DEP06,H02,(809)773-5007x40952,2023-01-24,2023-11-07
D00383,Dr. Kimberly Cortez,NEUROLOGY,DEP07,H02,001-769-973-0224x79343,2023-04-30,2024-03-09
D00384,Dr. Kawthar martinez,Oncology,DEP02,H04,(373)781-8674x858,2023-03-13,
D00385,dr. quadir qais,cardiology,DEP06,H02,+1-891-413-9755,2023-04-22,
D00386,Dr.  Jaffer  FREEMAN,Orthopedics,DEP08,H02,370-955-6875x8454,2023-04-08,
D00387,Dr. David Porter,Oncology,DEP10,H03,771.277.3342x3196,2023-05-20,2023-12-30
D00388,DR. GHAFOOR JALAAL,neur0l0gy,DEP05,H01,+1-767-990-2924x48637,2023-02-03,
D00389,Dr. anthony Schmidt,Cardiology,DEP02,H04,(901)592-8913x887,2023-06-10,
D00390,Dr. Majdy GULFAM,Neurology,DEP07,H02,978.673.0160x930,2023-04-20,2024-01-16
D00391,Dr. GHANNAM Fuller_,Oncology,DEP01,H03,465.683.9841,2023-05-04,
D00392,dr. april calderon, Neurology ,DEP03,H04,3782102664,2023-05-31,2024-01-20
D00393,Dr. Wafa Ihab,Cardiology,DEP08,H03,+1-257-551-6304x19105-,2023-04-28,
D00394, Dr. Zuwayhir  Ub@d@h ,Neurology,DEP03,H05,252-958-7357x3067,2023-04-10,
D00395,DR. UBAY YAMAN,cardiology,DEP08,H03, +1-995-550-6570x464 ,2023-06-23,2024-05-17
D00396, Dr.  Qahtan  cruz ,Cardiology,DEP05,H02, 001-328-478-0485x47597 ,2023-02-08,2023-10-16
D00397,Dr. Christina wiley_,0rth0pedics,DEP09,H05,(992)240-5344x025_,2023-01-02,
D00398,dr. alexander white,Oncology,DEP08,H04,+1-492-579-1521,2023-06-07,
D00399,dr. nicholas kashif,Neurology,DEP02,H03, +1-209-624-7302x6829 ,2023-03-29,
D00400,dr. nicholas barr,Oncology,DEP06,H04,+1-744-870-1228,2023-06-22,2024-03-14
D00401,Dr. gulab Taimur, Cardiology ,DEP03,H03,4738719493,2023-01-20,
D00402,Dr. R@b@h Aamil,ENT,DEP08,H04,(749)398-8313x57028,2023-02-08,2023-08-08
D00403,dr. jeffrey glass,C@rdi0l0gy,DEP04,H03,982.309.9883x6911,2023-01-22,
D00404, Dr. Kim  ubayd ,ENT,DEP09,H02,(906)735-2117x6004,2023-04-23,2023-11-09
D00405,dr. tahaw-wur schmidt,ENT,DEP09,H02,248-761-0753x090,2023-03-20,
D00406,Dr. April ellis,Cardiology,DEP06,H05,853.764.9711x32573,2023-05-24,
D00407,Dr.  K@leem  Willi@ms0n,Oncology,DEP09,H01,(942)540-9589x7369,2023-04-14,
D00408,Dr. Matthew aamil,Neurology,DEP04,H05,,2023-04-26,2023-11-07
D00409,Dr. Aaron Franklin,neurology,DEP08,H02,772.640.7159,2023-02-14,2023-08-28
D00410,Dr. Ihtiram Baker,orthopedics,DEP10,H05,904.537.8982,2023-05-11,
D00411,Dr. William Hanson, Oncology ,DEP08,H01,001-976-505-6335,2023-06-06,2023-12-24
D00412,Dr. Daawood. C@mpbell,ENT,DEP10,H02,(804)206-0051x8361,2023-06-23,2024-01-07
D00413,Dr. william Ghafoor,cardiology,DEP02,H05,(500)883-4017,2023-04-07,
D00414,dr. naib b@leegh,Pediatrics,DEP03,H03,(245)304-9531,2023-03-10,2023-11-11
D00415,dr. kareem  damurah,Neurology,DEP10,H03,(546)937-7310,2023-05-20,2024-04-02
D00416, dr.  l00t   w@ts0n ,Cardiology,DEP03,H03,001-865-697-6288x15415,2023-04-05,2024-01-28
D00417,Dr. kaleem RAID,cardiology,DEP02,H05,5515969113,2023-04-10,2023-10-12
D00418,Dr. qadeer Talat, ENT ,DEP03,H02,980-809-8155x65196,2023-06-10,
D00419,DR. RAFEEK  MADIYAN,Pediatrics,DEP07,H03,555-646-7598,2023-02-23,
D00420,Dr. Cynthia Matthews,ENT,DEP02,H01,465.507.2995x150,2023-04-15,
D00421,Dr.  Michele  Thompson,orthopedics,DEP06,H01,(368)998-8854,2023-01-01,
D00422,Dr. Kajji kaleem,ORTHOPEDICS,DEP04,H03, 8985318741 ,2023-02-09,
D00423,Dr. DAGHFAL  willi@ms,Orthopedics,DEP04,H02,548-839-6074,2023-06-05,
D00424,dr.  victoria  maroof,"Orth0pedics,",DEP09,H02,,2023-05-18,2024-04-10
D00425,Dr. Brian Zaahid,Pediatrics,DEP04,H04,5113764804,2023-05-29,
D00426,Dr. Rafee Hancock,ENT,DEP10,H03,837-754-2918,2023-02-07,2023-08-30
D00427,Dr. saaiq zaahid,Cardiology,DEP07,H01,(857)548-6432,2023-02-27,
D00428,Dr. Elizabeth qaasim, orthopedics ,DEP02,H05, 001-879-435-3143x042 ,2023-06-24,2024-02-20
D00429,Dr. Jody Davila,c@rdi0l0gy,DEP01,H05,(699)670-1286,2023-04-12,2024-01-29
D00430,Dr. Diana Thompson,Oncology,DEP07,H01,763-266-3541x5314,2023-05-11,2024-03-03
D00431,Dr. Umair  JOHNSON,ent,DEP10,H05,001-630-934-0173,2023-04-16,2023-11-28
D00432,Dr. Justin Harvey,Orthopedics,DEP07,H01,976-629-3171X803_,2023-05-08,
D00433,DR. NAJAM  HARVEY,ENT,DEP10,H01,224-332-1599x0203,2023-02-26,2023-09-01
D00434,dr. nadim rabee,ENT,DEP04,H02,3112240986,2023-06-07,
D00435,Dr. M@hj@ Th0m@s,PEDIATRICS,DEP05,H03,364.978.5445x84301,2023-02-04,
D00436,dr. ibraaheem  saariyah-,Oncology,DEP05,H01,272-998-5443x3788,2023-01-25,
D00437,Dr. Tarfaan_ Moore.,ENT,DEP07,H03,001-682-464-8536x7368,2023-06-21,2024-02-05
D00438,Dr. Raheel Howard, neurology ,DEP04,H05,(212)281-2222x57811,2023-06-12,
D00439,Dr. umaarah Gulfam,ent,DEP07,H03,587.765.2077,2023-02-02,
D00440,Dr. sh@wn  badr udeen, orthopedics ,DEP07,H01,(513)432-9247,2023-04-03,2024-03-02
D00441,"Dr. Jalaal banks,",neurology,DEP08,H05,753-410-2860x4100,2023-05-30,
D00442, DR. HARNAIL NAEEM ,Oncology,DEP10,H01, 236.565.1851x257 ,2023-05-01,
D00443,Dr. Ihtesham Blair,Orthopedics,DEP07,H02,895.423.7439x0623,2023-05-29,
D00444,Dr. el-amin  LAJLAJ,Neurology,DEP07,H03,841-414-6959x58661,2023-04-27,
D00445,Dr.  y@sin  Ubaydullah,neurology,DEP02,H02,787.747.3319x073,2023-01-10,2023-11-08
D00446, Dr. tanya Santana ,ONCOLOGY,DEP03,H05,001-748-558-7928x4130,2023-03-16,
D00447,Dr. Qaseem  Hall _,Neur0l0gy,DEP08,H01,,2023-02-06,2023-11-01
D00448,Dr. Br@ndi ch@vez, Neurology ,DEP02,H01,464-274-7256,2023-06-07,2024-02-12
D00449,Dr. Matthew Jahdami,Oncology,DEP06,H01,708.972.2082,2023-04-20,
D00450,dr. henry mahmoud,Oncology,DEP04,H03, (528)536-1684 ,2023-06-11,2024-01-19
D00451,Dr. John  Gulfam,Cardiology,DEP05,H02,001-467-542-5818x6144,2023-03-13,2023-12-24
D00452,Dr. EDDIE Waajid-,pediatrics,DEP03,H01,827.543.6216,2023-02-09,2023-10-25
D00453,dr. ernest vargas,Neurology,DEP10,H03, 238-636-5448 .,2023-03-11,
D00454,Dr. Danny jaabir,orthopedics,DEP07,H01,238.667.8265,2023-02-13,
D00455,dr. mary sadeed,Orthopedics,DEP03,H02,575-590-2055,2023-02-10,
D00456,DR. UBAID OMEIR,orthopedics,DEP07,H05,372.515.6719,2023-06-25,2024-02-17
D00457,Dr. Christina yadid,orthopedics,DEP10,H04,5774549330,2023-05-04,
D00458,dr. tajammal kamran,ENT,DEP07,H02,001-612-848-7743x57511,2023-05-23,2024-05-22
D00459, Dr. Samantha jones ,Orthopedics,DEP09,H05,001-532-332-8413x4648,2023-04-24,
D00460,Dr.  Jessica  karam,Pediatrics,DEP10,H01,(501)642-8110x36509,2023-01-25,2024-01-04
D00461,dr. qudamah urrab,Cardiology,DEP01,H01,885.216.5086x78485,2023-06-19,2024-01-14
D00462,Dr. raamiz Qadeer-,oncology,DEP01,H03,001-805-807-9664x057,2023-06-14,2024-05-11
D00463,Dr. Azeeb ubadah,NEUROLOGY,DEP04,H05,,2023-06-14,
D00464,"dr. caroline krueger,",Orthopedics,DEP04,H01,(951)930-2016x89615,2023-03-24,
D00465,Dr. @ndrew Bil@@l,Cardiology,DEP07,H05,3723833501,2023-04-08,2023-12-04
D00466,Dr. Ubadah Rabee-,Cardiology,DEP07,H05,001-327-884-5521x97129,2023-06-14,
D00467,dr. larry ihsaan_,Neurology,DEP04,H05,,2023-06-05,2024-05-25
D00468,Dr. Mich@el Kelly,ORTHOPEDICS,DEP04,H04,(504)536-1123x50760,2023-06-03,2024-05-17
D00469,Dr. muhazzim Zayyir,"pediatrics,",DEP02,H05, 704-627-3512x221 ,2023-01-09,2023-11-27
D00470,Dr. Sarah Ijli,Neurology,DEP09,H05,+1-233-592-0661x96367,2023-02-08,2023-08-12
D00471,Dr. Autumn tabassum,Neurology,DEP05,H02,(955)434-0465x8220,2023-02-26,2023-10-22
D00472,Dr. Saahir aaaqil-,Orthopedics,DEP06,H01,001-500-574-7772x51151,2023-03-31,2024-03-10
D00473,Dr. D@mur@h Fox,Oncology,DEP05,H02,213-688-4866,2023-01-22,
D00474,Dr. Jameel Ijli,oncology,DEP05,H05,935-358-3180,2023-05-25,2023-11-30
D00475,dr.  qaseem - johnson,ENT,DEP03,H01,+1-395-584-1192x40234,2023-06-28,
D00476,Dr. rabee Long, neurology ,DEP05,H03,(677)556-3684,2023-06-12,2024-03-06
D00477,Dr. Mad GREEN,Oncology,DEP08,H04,(671)753-1319x04695,2023-03-25,
D00478,Dr. Aalam Naeem,ent,DEP05,H05,(506)776-2668x88093,2023-05-19,2023-12-20
D00479,Dr. Kristina hardy,cardiology,DEP07,H04,001-645-508-6989x98944,2023-04-19,
D00480,Dr. jennifer  GONZALEZ,orthopedics,DEP08,H01,814-267-8866,2023-04-08,
D00481,dr. barraq  wheeler, Oncology ,DEP01,H05,(624)859-1632,2023-05-22,
D00482,"DR. Q@@SIM ALLEN,",neurology,DEP04,H01,333-249-2035x23337,2023-01-13,
D00483,"DR. HANNAH  KACHELA,",Pediatrics,DEP04,H04,001-263-759-2887x04641,2023-05-29,
D00484,Dr. Micheal Aalam,Pediatrics,DEP05,H02,(910)385-4155,2023-02-26,
D00485,Dr. Ulfat COOKE, pediatrics ,DEP02,H05, +1-746-409-8006x99323 ,2023-01-29,
D00486, Dr. Gregory  PERRY ,ENT,DEP08,H02, 572-264-3751x444 ,2023-03-12,2023-11-16
D00487,Dr. Ryan Najam,Neurology_,DEP07,H05,4006912606,2023-06-01,2024-02-16
D00488,Dr. Radi Jabir,ENT,DEP01,H04, 001-865-870-3592 ,2023-04-12,2023-10-13
D00489,dr. wadood scott,Orthopedics,DEP07,H05,"001-251-826-2909x20562,",2023-05-29,2024-01-14
D00490,Dr. Richard Ghannam,Orthopedics,DEP05,H02,364-737-3601x92356,2023-05-29,2024-04-15
D00491,Dr. NATASHA EHSAAS,ENT,DEP09,H05, 705-694-0976x4712 ,2023-03-30,
D00492,Dr. Nabeel Nail,ORTHOPEDICS,DEP01,H04,,2023-01-12,
D00493,Dr. Umar  urrab,neurology,DEP01,H01,996-834-4343X325,2023-02-01,
D00494,Dr. Gary Vahar,Orthopedics,DEP10,H01,366-432-0379x439,2023-03-07,
D00495,DR. TAJ ZIMMERMAN,Pediatrics,DEP06,H04,618-297-1215,2023-03-29,2023-11-07
D00496,Dr. Zaahir  Gonzalez,Orthopedics,DEP08,H01,,2023-05-27,2024-05-18
D00497,Dr.  Micheal  gohar,oncology,DEP07,H03,001-744-223-6427X515,2023-03-17,2023-12-30
D00498,Dr. Rabah Saariyah,ENT,DEP10,H04,,2023-02-21,2024-01-27
D00499,"Dr.  Yazan , saalim",cardiology,DEP04,H04,631.369.6116,2023-05-04,
D00500,Dr. Mark Ballard,Neurology,DEP04,H02, 491.681.1952x9191 .,2023-02-02,
D00501,DR. KAMIL HAWKINS,Orthopedics,DEP08,H05,610.634.5344,2023-04-02,
D00502,Dr. Baseer Crawford,Orthopedics,DEP05,H05,976-688-0933x490,2023-05-14,
D00503,dr.  najeeb  zahri,oncology,DEP08,H02,(546)786-5205,2023-05-05,2023-11-29
D00504,"dr. b@@izeed garrett,",ent,DEP02,H02,210-283-1625x3130,2023-01-18,
D00505,Dr. Kasim Yadid,Cardiology,DEP09,H02,001-246-406-1840x736,2023-01-28,2023-11-24
D00506,Dr.  Naadir  KACHELA,Cardiology,DEP01,H04,203-638-5202x7611,2023-06-30,
D00507,Dr.  Cassandra  Jalaal,Cardiology,DEP08,H04,779.300.9441,2023-01-11,2023-10-02
D00508,Dr. ghazanfar ihtiram,Oncology,DEP04,H01,2014541763,2023-04-30,
D00509,"Dr. Dabir Sabur,",Neurology,DEP05,H01,(258)397-4850x7577,2023-04-02,
D00510,Dr. SAMANTHA BROWN,Pediatrics,DEP07,H02,001-760-523-0586x9858,2023-01-15,2023-11-04
D00511,Dr. kawkab Yawer,Oncology,DEP05,H05,279.690.5228,2023-04-26,
D00512,Dr. Mary Morgan, Pediatrics ,DEP05,H05,3859589310,2023-03-15,
D00513,Dr. Regina MARTINEZ,Pediatrics,DEP01,H01,495-261-8498x752,2023-02-17,
D00514,DR. ERIC CONTRERAS,cardiology,DEP02,H02,794-948-6621x7565,2023-03-02,2023-09-07
D00515,DR. YAHYA ROJAS,Orthopedics,DEP09,H03,365.941.3138,2023-06-14,
D00516,Dr. Christine  cruz,ent,DEP08,H02,(578)892-1367X4528,2023-04-03,
D00517,Dr. W@h@b Ubay, Pediatrics ,DEP10,H01, 001-849-355-4639 ,2023-05-13,
D00518,Dr. Lawrence Qadar,Neurology,DEP04,H04,+1-283-838-7033x94161,2023-01-01,
D00519,Dr. Pedro VAHAR,ENT,DEP01,H01,+1-389-294-6723x99818,2023-06-05,2024-04-09
D00520,Dr. Th0m@s  Pierce,Orthopedics,DEP05,H03,935.560.1704X917,2023-02-12,2023-09-14
D00521,DR. SHARON JUAREZ,Oncology,DEP08,H05,+1-590-706-5948x591,2023-04-20,2023-11-19
D00522,Dr. Laura rabb,ent,DEP02,H02, 941.702.0314x0630 ,2023-05-07,2023-11-04
D00523,Dr.  Esfandyar  Aamirah, Pediatrics ,DEP05,H05,450.556.9932x996,2023-01-18,2023-09-30
D00524,Dr. Miranda wadood,Orthopedics,DEP05,H02, 6834137867 ,2023-05-07,2023-12-04
D00525,Dr.  Austin  WELLS,ent,DEP05,H03,7227403467,2023-05-31,
D00526,Dr. David Aamil,Pediatrics,DEP10,H03,,2023-05-12,2023-11-21
D00527,Dr.  matthew  Jahdami,Orthopedics,DEP02,H04,001-819-594-9085x34421,2023-06-09,
D00528,Dr. Barraq ossama,pediatrics,DEP07,H01,001-304-920-3519,2023-06-08,
D00529,Dr. Melanie Baaqir,Neurology,DEP09,H03,807.724.6021x22207,2023-05-20,2023-12-28
D00530,Dr.  joshua  Henderson,Orthopedics,DEP02,H04,+1-801-556-2278x7602,2023-04-15,2024-02-08
D00531,Dr. Kimberly  Taylor, Pedi@trics ,DEP02,H01,+1-973-230-7162,2023-05-18,2024-01-04
D00532,DR. NAASIH GHUNAYN,ENT,DEP07,H04,001-727-867-5864x4186,2023-04-28,
D00533,Dr. TALHA Kabeer,Pedi@trics,DEP07,H05,(432)645-8043x120,2023-02-12,
D00534,Dr. Sabbir  Meyers,oncology,DEP09,H04,9882856062,2023-03-05,2024-02-13
D00535,Dr. Faizan Yahyaa,Cardiology,DEP09,H02,622.677.6079x1985,2023-01-21,
D00536,dr. cindy najam,Neurology,DEP07,H01,(448)234-8749X35471,2023-05-31,
D00537,"DR. SAMANTHA AABID,",ENT,DEP08,H01,001-835-815-4077x714,2023-06-08,2024-01-06
D00538,"DR.  ASHLEY  M@HFUJ,", ENT ,DEP07,H01,,2023-04-16,
D00539,Dr. IESA Edwards,ENT,DEP04,H01,297-561-1236x385,2023-05-08,2024-04-28
D00540,DR. YADID ZAAFIR,Neurology,DEP03,H01, (490)891-3905x42527 ,2023-02-03,2023-08-25
D00541,Dr. taimur  Raatib,Neurology,DEP08,H02,678.735.0928,2023-05-15,
D00542,dr. tammy  smith_,Cardiology,DEP02,H04,001-685-245-4099x4500,2023-03-26,
D00543,Dr. gina Maroof,oncology,DEP01,H01,,2023-04-08,2023-10-31
D00544,Dr. Karen j@@bir,ENT,DEP07,H01, (940)804-3989x99379 ,2023-03-03,2023-10-10
D00545,Dr.  Waahid  Aabid,Orthopedics,DEP06,H02,,2023-04-22,
D00546,Dr. betty sanchez,NEUROLOGY,DEP09,H04,001-887-455-6425x16591,2023-05-23,2024-02-06
D00547,dr. karen ubaid,ENT,DEP02,H04,990-208-6487,2023-05-21,2024-02-25
D00548,Dr. Jason Hoffman,ENT,DEP10,H01,001-903-567-4160,2023-01-14,2023-12-20
D00549,"Dr. Jason, Smith",Cardiology,DEP07,H05,+1-653-460-8610,2023-01-08,2023-08-06
D00550,dr. maawiya cook,pediatrics,DEP05,H05,+1-558-334-0743x1067,2023-06-11,2023-12-08
D00551,Dr. J@ck SELLERS,Cardiology_,DEP04,H01,382-677-5318,2023-01-07,
D00552,"dr. parvez, green",Orthopedics,DEP04,H03,001-418-536-2204x3318,2023-02-12,2024-01-17
D00553,Dr. Stephanie Cook,Cardiology,DEP07,H02,292-229-4432x9898,2023-02-19,2024-01-23
D00554,Dr. Talib  Schultz,ENT.,DEP06,H05,(934)387-0825,2023-03-21,2023-11-17
D00555,Dr. Karaamat TALHAH,Cardiology,DEP05,H04,001-340-923-7330x743,2023-04-05,
D00556,Dr.  erik@  JAMEEL,Oncology,DEP10,H05,+1-571-519-8081,2023-05-07,
D00557,Dr. Liyaqat- Yawer.,Orthopedics,DEP09,H03,(555)960-0624x5093,2023-01-12,2023-12-16
D00558,Dr. qadim Limazah, ENT ,DEP02,H01,"968.552.0334x5694,",2023-01-21,2023-08-27
D00559,Dr. Brandon Talat_,Orthopedics,DEP01,H01,968.286.6591,2023-04-06,
D00560,dr. rabah qasif, Orthopedics ,DEP07,H01,001-801-489-5690,2023-03-07,2023-09-08
D00561,Dr. eesaa VAHAR,"ORTHOPEDICS,",DEP05,H05,(567)370-4169x6912,2023-06-06,2024-04-29
D00562,dr. tajammal lopez,orthopedics,DEP01,H02,371.615.8918,2023-05-22,
D00563,dr. labib_ qaasim,Oncology,DEP07,H04, 8677737175 ,2023-01-14,
D00564,"dr.  kashan  umar,", ENT ,DEP07,H04,001-950-437-3162x93407,2023-05-14,
D00565,Dr. ihtiram kasim,Oncology,DEP01,H05,546-764-9147,2023-04-23,2024-04-19
D00566,Dr. TAWKEEL K@r@@m@t,ENT,DEP10,H01,521.363.3159x2641,2023-03-25,2023-11-01
D00567,Dr. Qutb Scott,"neurology,",DEP01,H03, +1-726-921-5805x92724 ,2023-01-13,
D00568,Dr. Jerome Man,Cardiology,DEP02,H02,+1-586-433-0037x540,2023-05-25,
D00569,Dr. Tiffany- aryan,ENT,DEP08,H01,+1-752-767-4480,2023-04-12,2023-12-06
D00570,DR. RICKY JOHNSON,Neurology,DEP07,H04,(208)772-1044x9266,2023-03-29,
D00571, dr. j@h@nzeb conner ,neurology,DEP06,H01,(654)636-6665x014,2023-05-24,2024-02-12
D00572,DR.  GULZAR  DABIR.,ENT,DEP01,H05,3114235962.,2023-04-21,2024-04-14
D00573, Dr. Naeem wilson ,Pediatrics,DEP07,H04,(234)258-9954,2023-01-09,
D00574,Dr. Qutub Raaghib,Neurology,DEP08,H05,716.920.0836,2023-02-01,2023-09-01
D00575,dr. jon williamson,Neurology,DEP10,H02,(203)908-1721x7494,2023-04-12,
D00576,Dr. kelly Ihtiram.,oncology,DEP01,H04,001-708-540-3478x679,2023-02-19,2024-01-27
D00577,dr. saburah aalam,Pediatrics,DEP10,H02, (394)945-7317x8207 ,2023-06-25,2024-02-18
D00578,Dr.  Mark  aaaqil,Neurology,DEP02,H05,404-659-4958x09381,2023-05-06,2024-05-02
D00579,Dr. BRIAN  JABR,Neurology,DEP05,H05,(382)691-1182,2023-02-10,2023-09-08
D00580,Dr. Br@nd0n Ubaidah,Orthopedics,DEP10,H04, (787)358-9582x7210 ,2023-05-01,2024-03-25
D00581,Dr. Tracy Campbell, Cardiology ,DEP06,H02,+1-245-793-7583,2023-01-27,
D00582,Dr. Christy Ramsey,Neurology,DEP01,H02,(925)699-9702x5823,2023-02-16,2024-01-15
D00583,Dr. Dawn- Kasam,Oncology,DEP08,H04,(426)419-5115x4280,2023-02-15,2023-09-03
D00584,Dr. Matthew.  Rabah_,Cardiology,DEP06,H04,001-677-976-5982x742,2023-06-17,2024-05-05
D00585, Dr. Sean Hall ,Oncology,DEP09,H03,001-816-531-2080x31703,2023-01-07,
D00586,Dr. Tonya-  Ghafoor,orthopedics,DEP02,H05,,2023-01-27,2023-08-16
D00587,Dr.  Hunter  Phillips,Oncology,DEP08,H03,(702)450-7502x3341,2023-02-22,2024-02-19
D00588,Dr.  Omar  nabeel,Orthopedics,DEP04,H04,,2023-03-05,
D00589,Dr.  Joseph  Smith,Orthopedics,DEP07,H01,914-789-4330x5187,2023-05-15,
D00590,Dr. Chamali Maheen,ENT,DEP01,H03,234-401-3025x25401,2023-02-02,
D00591,DR. QATADAH GRANT,orthopedics,DEP02,H02,6852375666,2023-02-15,2023-12-26
D00592,Dr. Kristy Martinez,ent.,DEP06,H01,001-646-511-6633x11599,2023-04-09,2023-11-12
D00593,Dr. PARSA church,Oncology,DEP05,H05,001-803-580-9402x52189,2023-06-07,2024-03-01
D00594,dr. margaret gray,Orthopedics,DEP08,H04,(412)602-1204x0033,2023-04-05,
D00595,dr. james  austin,Neurology,DEP02,H05,734-615-1056x687,2023-05-22,2024-04-26
D00596,Dr. RAAHIL Zaahir,ENT,DEP07,H03, (709)889-9179x5126 ,2023-06-07,
D00597,Dr. Y@seen hall,"Pediatrics,",DEP05,H04,762-486-9519,2023-06-20,
D00598,Dr. Bryce Fazli,Pediatrics,DEP07,H01,815-296-2371,2023-05-21,
D00599,Dr. Qais rodriguez,ENT,DEP09,H01,894-890-9843,2023-04-02,
D00600,Dr. Batool Sadan,ENT,DEP01,H04,810-296-4687x0109,2023-01-05,
D00601,Dr. Stephanie Kramer,pediatrics,DEP03,H02,(889)267-8502x1030,2023-04-24,2024-03-14
D00602,"DR. BATAL, CLEMENTS",ent,DEP04,H05,791.751.0566,2023-01-30,2023-09-02
D00603,Dr. Jad Aasif,Neurology,DEP10,H03,+1-911-657-9952,2023-06-27,2024-03-14
D00604,Dr. Brandon  Jalil, ent ,DEP10,H01,+1-816-532-2481x00320,2023-01-12,
D00605,Dr. DAMURAH Raid,ENT,DEP05,H02, 001-343-965-6581x49069 ,2023-05-28,2024-04-15
D00606,Dr. Gulfam  baashir,orthopedics,DEP10,H05,,2023-02-26,2024-01-08
D00607,Dr. Taalib Luay,neurology,DEP09,H05,,2023-06-27,2024-03-07
D00608,dr. miguel chavez,cardiology,DEP05,H02,(292)896-5880X21453,2023-04-06,2023-12-29
D00609,"Dr. Cody Nabeel,",Pediatrics,DEP05,H05,+1-793-814-7378,2023-05-03,2024-02-13
D00610,Dr.  Radi  Bilaal,Pediatrics,DEP05,H05,(697)514-1342x309,2023-05-15,2024-04-18
D00611,Dr. Ubadah Kasam,Pediatrics,DEP09,H04,539-488-7634x89584,2023-05-21,
D00612,Dr. Michael JENKINS,Cardiology,DEP09,H04,344-205-3792x444,2023-04-30,2023-11-03
D00613,Dr. karaamat  CLARKE -,neurology,DEP06,H04, (316)607-3282 ,2023-05-30,2023-12-02
D00614,Dr. Amy  Spencer,Pediatrics,DEP02,H01,001-716-949-2252x5837,2023-05-28,2024-02-02
D00615,DR. KENNETH  STEWART _,Neurology,DEP07,H02,(230)451-6114,2023-02-17,
D00616,Dr. Chad Adams-,pedi@trics,DEP06,H04,642.518.0010,2023-03-23,
D00617,dr. wafi ihsaan,Orthopedics,DEP07,H01,7432773937,2023-04-08,
D00618,dr. michael gulfam,ent,DEP10,H05,4382815515,2023-04-28,2024-01-13
D00619,dr. yar moon,ent,DEP07,H03, 349.979.4260x7753 ,2023-06-25,2024-03-01
D00620,Dr.  Qutub  Pearson,cardiology,DEP05,H02,913-248-6811x562,2023-05-22,2024-03-13
D00621,Dr. Traci olson,Pediatrics,DEP07,H05,584.719.1334x25365,2023-03-02,2023-10-26
D00622,Dr. Zabir Saajid.,Oncology_,DEP04,H02,(374)973-4976x9886,2023-03-20,2023-10-23
D00623, Dr. Rabah ayamin ,ENT,DEP06,H01,001-755-837-8913X5324,2023-05-15,
D00624,Dr. Awly@  qadar,Pediatrics,DEP09,H04,960-694-8357X659-,2023-01-05,2023-08-20
D00625, dr. @tf@t t@wkeel ,NEUROLOGY,DEP05,H01,377-884-3727x66628,2023-05-17,2024-04-27
D00626, DR. BOBBY GAINES , ENT ,DEP01,H05, 261-269-8953 ,2023-04-16,
D00627,Dr. Yaaseen Lu@y,Oncology,DEP08,H04,(622)283-6312,2023-03-03,2024-03-02
D00628,Dr. Raatib jalaal,ENT,DEP09,H02,890.520.7379x6635,2023-05-13,
D00629,dr. tracy fidvi, Neurology ,DEP07,H03,924.266.3932,2023-03-24,2023-12-10
D00630,Dr. Raheem Wadi,Pediatrics,DEP02,H04,+1-810-896-6965x371,2023-02-10,
D00631,DR.  JAFFER   AWMAR,Cardiology,DEP10,H02,+1-469-502-6296x44283,2023-01-11,
D00632, Dr. Rafan Vaughn ,cardiology,DEP03,H04,(419)397-2823X6109,2023-03-24,
D00633,Dr. taahaa HERNANDEZ,Cardiology,DEP01,H05,2794910426,2023-06-26,2024-03-25
D00634,Dr. Sarah Taheem,ENT,DEP01,H01,609.252.2106,2023-04-18,
D00635,dr. jermaine hayes,Cardiology,DEP04,H05,624.696.1105,2023-04-27,2023-12-13
D00636,Dr.  J0seph  Ghauth,Pediatrics,DEP02,H02,+1-576-559-5356x810,2023-04-10,2024-03-14
D00637,Dr.  Nabeeh  Ubaadah,Pediatrics,DEP05,H04,+1-522-480-2065x37687,2023-03-15,2023-10-15
D00638,Dr. um@r Ary@n,Cardiology,DEP02,H04,+1-487-531-3100,2023-06-07,2024-05-01
D00639,dr. william qais,Cardiology,DEP10,H05,570.693.6148,2023-01-14,
D00640,Dr.  XOBEEN  Mad,Cardiology,DEP09,H01,891-959-4216,2023-04-14,
D00641, dr. laeeq serrano ,orthopedics,DEP04,H05, 001-799-278-7537 ,2023-02-28,2024-02-05
D00642,Dr. Lauren Morrison,cardiology,DEP09,H01,743-311-4231,2023-02-15,2023-08-30
D00643,Dr. bizhan Blanchard,ENT,DEP01,H01,799-910-0109x9441,2023-05-24,2024-03-23
D00644,Dr. Hamza Ubay,Orthopedics,DEP03,H02,+1-386-697-5711x39596,2023-01-25,2023-09-06
D00645, Dr. layth Gulfam , ENT ,DEP08,H04,3664000180,2023-06-17,2024-02-17
D00646,Dr. Christopher N@beel_,ent,DEP08,H04,+1-838-977-4749x1071,2023-04-14,2023-11-12
D00647,Dr. Jeffery Henderson, Cardiology ,DEP04,H03,712-820-8823x7923,2023-02-02,
D00648,Dr. j@clyn Batal,pedi@trics,DEP10,H05,462-660-1434,2023-06-04,
D00649, Dr. nabil B@@ree. ,Pediatrics,DEP10,H01,+1-439-897-4756x9778,2023-04-11,
D00650,Dr. Derrick Ch@pm@n,cardiology,DEP09,H05,001-461-708-7086x518,2023-04-22,
D00651,Dr. LABEEB  Smith,ENT,DEP05,H05,556.523.5434x32278-,2023-05-30,2024-02-21
D00652,DR. TERESA MAHONEY,ENT,DEP04,H05,(415)690-5868x8649,2023-02-19,2023-11-05
D00653,DR. NABHAN DOMINGUEZ,neurology,DEP01,H03,001-588-512-5704x061,2023-03-12,
D00654, Dr. John Faizan ,Cardiology,DEP07,H03,001-201-836-6859x79224,2023-05-03,2024-01-17
D00655,Dr. raashid Stone,Cardiology,DEP07,H01,001-567-659-8621,2023-03-09,
D00656,Dr. Raghib Austin,ent,DEP05,H02,8594092943,2023-02-13,
D00657,Dr. robert Juarez,Orthopedics,DEP04,H03,+1-449-662-0242,2023-01-05,2023-08-23
D00658,Dr. Hannah Moreno,Oncology,DEP09,H02,287-781-5300,2023-04-09,2023-11-21
D00659,Dr. Melissa saahir,ENT,DEP10,H03,001-570-490-6683x7067,2023-03-15,2023-11-28
D00660, Dr.  Ulfat  Lahiah ,ENT,DEP03,H05,(400)342-5517,2023-04-28,
D00661, Dr. Jeff jenkins ,oncology,DEP10,H04,630.985.3086,2023-01-21,2023-12-08
D00662,dr. d@@nish finley,Cardiology,DEP03,H01,,2023-01-12,2023-09-29
D00663,Dr. Yazeed  zayyir, Pediatrics ,DEP05,H02,754-469-9873x75292,2023-05-12,2024-04-25
D00664,DR. CHAWISH QABEEL,Pediatrics,DEP04,H03,8666169051,2023-03-14,2023-11-01
D00665,dr. zafar may,ENT,DEP05,H02,001-940-473-4986x67230,2023-03-19,2024-02-22
D00666,"Dr. Matthew, Shepherd",cardiology,DEP04,H04,(692)476-7027,2023-02-13,2023-10-12
D00667,Dr. Ghazi  Majeed,Orthopedics,DEP04,H02,001-683-702-5727X909,2023-03-02,
D00668,Dr. yar Wafa,Pediatrics,DEP05,H05,001-756-867-3206x2853,2023-05-29,
D00669,dr. justin townsend,Cardiology,DEP05,H05,608.908.9867,2023-02-23,2023-10-19
D00670,Dr. Mandy Taylor,Pediatrics,DEP04,H05,(425)258-8013x608,2023-02-19,
D00671,"Dr. Caleb, Kennedy",Cardiology-,DEP05,H01,+1-884-339-9941,2023-05-21,2024-02-23
D00672,dr. justin qaim,pediatrics,DEP02,H05,269.804.8996x455,2023-06-05,2023-12-18
D00673, Dr. S@@diq raashid ,ent,DEP06,H05,+1-766-706-0723X438,2023-03-15,
D00674,Dr. Patrick Sadan,neurology,DEP03,H05,001-853-270-7953x2035,2023-04-19,2023-10-21
D00675, Dr. baaree Saariyah ,pediatrics,DEP06,H01,5882742401,2023-06-28,
D00676,Dr. Keith Young,pediatrics,DEP09,H01,271-696-8897,2023-04-24,
D00677,dr. william price,orthopedics,DEP06,H01, 6629360582 ,2023-05-10,
D00678,Dr. RYAN  ABAAN,Oncology,DEP07,H01,795-360-7222,2023-06-24,
D00679,Dr. Rhonda Mcknight-,Orthopedics,DEP04,H03,(525)800-5955,2023-04-03,2023-11-05
D00680,Dr. nathaniel Petersen,Neur0l0gy,DEP07,H05,(453)385-8471,2023-03-29,
D00681,dr. stephen qadar,Pediatrics,DEP09,H01,987-205-8813x451,2023-06-22,2024-04-21
D00682,Dr. James Aazim,Neurology,DEP08,H01,+1-379-754-3560x5603,2023-03-18,
D00683,Dr. Monique alvarado,ENT,DEP08,H05,3535068402,2023-01-29,2023-12-26
D00684,Dr. Rebecca  Mahbeer., ENT ,DEP01,H02,7107547742,2023-03-31,2023-10-21
D00685,Dr. Walter zaakir,Neurology,DEP02,H05,2825321791,2023-04-08,
D00686,dr.  gulab   cain,orthopedics,DEP07,H02,001-326-884-2279,2023-03-22,
D00687,Dr. Jody omeir, ENT ,DEP05,H05,9825357024,2023-05-22,2023-12-02
D00688,"dr. scott  c@sey,",Neur0l0gy,DEP02,H03,+1-272-225-3148,2023-05-10,
D00689,dr. james james,Oncology,DEP04,H05,+1-804-483-9403,2023-06-15,2024-01-23
D00690,Dr. Kamal BURKE,Neurology,DEP06,H03,+1-533-226-6309,2023-03-15,2024-02-20
D00691,Dr. Aaban  thomas,cardiology,DEP02,H05,+1-854-784-7079,2023-02-23,2024-02-11
D00692,Dr. William BASHAAR,Cardiology,DEP01,H02,661.330.0699,2023-04-04,
D00693,Dr. Arh@m bilaal,Orthopedics,DEP10,H01,456.202.7985x687,2023-06-11,
D00694,Dr. Nadhir Crosby,Neurology,DEP04,H04,5456994277,2023-01-09,
D00695,"Dr. Adam IBRAAHEEM,",Pediatrics,DEP09,H04,690.590.2976,2023-01-26,2023-08-27
D00696,Dr. Zuwayhir Silva,Neurology,DEP07,H04,+1-955-624-3600,2023-03-21,2024-01-02
D00697,"Dr. robert henry,",Orthopedics,DEP03,H05,+1-510-450-6533x4602,2023-02-02,
D00698,Dr. Raymond Perez,Pediatrics,DEP09,H03,864.652.3049x248,2023-01-11,
D00699,dr. saad ingram,Cardiology,DEP01,H02,340-933-8421x130,2023-03-05,
D00700,Dr. Matthew-  Jackson,Orthopedics,DEP07,H03,,2023-01-05,
D00701,Dr. Jalaal Ihsaan,Cardiology,DEP06,H04,847-361-2603,2023-05-23,2024-05-05
D00702,Dr. lee Tucker,Orthopedics,DEP03,H03,001-740-676-3235,2023-05-25,2024-04-19
D00703,Dr.  Umar  iftikhaar,Oncology,DEP03,H05,980-825-5282,2023-04-25,
D00704, Dr. Majdi rose ,pediatrics,DEP03,H03,653.994.5055,2023-01-03,
D00705,Dr.  Awan  Vaughn,Pediatrics_,DEP02,H05,+1-848-604-9287,2023-04-09,2024-01-22
D00706,Dr. Qays Savage,Oncology,DEP04,H01, 937.216.0875 ,2023-01-27,
D00707,Dr. Cindy Hendricks,Cardiology,DEP05,H03,001-811-554-2098x6799,2023-02-17,
D00708, dr. sairah.  jenkins _ , ENT ,DEP07,H03,362.778.0253,2023-03-10,
D00709, dr. umar ghunayn _,Orthopedics,DEP03,H03,+1-261-965-0273x0872-,2023-01-25,2023-09-08
D00710,Dr. Heidi Luqman,ent,DEP05,H05,+1-670-702-2765x994,2023-02-18,
D00711,DR. MICHAEL BROWN,NEUROLOGY.,DEP04,H04,649-207-1732x90269,2023-06-03,
D00712,dr. awj qadeer,ent,DEP08,H05,897-344-0290,2023-03-20,
D00713,Dr. Maaz LINDSEY-,C@rdi0l0gy,DEP03,H04,7913890037,2023-06-02,
D00714,Dr. Wafeeq Wright,Orthopedics,DEP05,H05,001-858-898-8698x26936,2023-05-05,2023-11-16
D00715,Dr. Ghauth layth,ENT,DEP07,H01,987-644-6928,2023-05-16,
D00716,Dr.  Jaabir  Valenzuela,Pediatrics,DEP08,H05, (517)535-1928 ,2023-04-28,2023-12-06
D00717,dr. patricia sabur,orthopedics,DEP03,H01,001-620-415-1729x49756,2023-05-30,2024-02-11
D00718, Dr. Robert daniels ,Pediatrics,DEP03,H04,754.648.2024X5067,2023-03-22,2024-02-10
D00719,Dr. Linda Waller,Cardiology,DEP02,H01,,2023-06-04,
D00720,dr. birousk maalik,Oncology,DEP01,H05,(290)739-1857x77089,2023-06-25,
D00721,Dr. Christopher Lambert,Orthopedics,DEP01,H01,001-203-265-6095x19195,2023-06-11,2024-02-09
D00722,Dr. LUTF Jabir,cardiology,DEP02,H02,001-616-528-8480X215,2023-05-03,2024-01-28
D00723,"Dr. Omar, qaasim",ENT,DEP01,H03,2775529066,2023-03-01,2023-12-21
D00724,Dr.  Ghalib  Bradford,ENT,DEP04,H05,591-300-1465x59997,2023-06-03,2023-12-02
D00725,Dr. joseph  Raatib,Pediatrics,DEP06,H05,001-543-790-2410x999,2023-01-28,
D00726,DR. LUTFI MORALES, ONCOLOGY -,DEP06,H03,+1-874-371-4673x3023,2023-02-12,2023-12-07
D00727,Dr. Abaan Kamran,orthopedics_,DEP10,H05,001-947-213-4635x564.,2023-01-07,
D00728,Dr. SAAD Yawer.,Oncology,DEP07,H02,558.811.0342x981,2023-05-05,2023-12-25
D00729,Dr.  cameron  Edw@rds,oncology,DEP02,H03,(569)293-5489x985,2023-02-24,2023-12-14
D00730, Dr. Maheen Qaseem ,ENT,DEP04,H04,660.474.6267x7403,2023-02-06,
D00731,dr. devon jones,Cardiology,DEP02,H04,939-395-3635x3575,2023-06-26,2023-12-27
D00732,Dr. Andre Rafi,Neurology,DEP05,H05,386.254.5678x745,2023-01-27,
D00733,Dr. Jahm  Aamir,Oncology,DEP09,H05, (220)728-7283 ,2023-05-08,
D00734,dr. andrew ghafoor,Cardiology,DEP10,H04,758-249-3161x17579,2023-03-13,
D00735,DR. J@L@@L ESFANDYAR,Neurology,DEP07,H05,(289)507-7462x00263,2023-03-03,2024-01-08
D00736,Dr. Zaweel r@bi@h,Pediatrics,DEP10,H01,,2023-05-30,2023-12-21
D00737, Dr. Sylvia Harper ,neurology,DEP07,H05,001-883-307-9887,2023-06-12,2024-02-24
D00738,Dr.  James  nelson,cardiology,DEP10,H02,201-857-1903x78463,2023-01-31,2023-10-21
D00739,Dr. James talhah,Neurology,DEP10,H03,(490)915-3955x53819,2023-06-29,2024-06-13
D00740, Dr. david mullins ,orthopedics.,DEP02,H05,001-894-370-0144x8663,2023-03-07,2024-01-09
D00741,Dr. Raghib Chase, ORTHOPEDICS ,DEP03,H01,903.469.7836,2023-04-01,
D00742,Dr. Rebecca LATIF,pediatrics,DEP10,H01,595-887-9309,2023-01-06,
D00743, Dr. El-Amin Karaamat ,cardiology,DEP04,H04,955.900.2217-,2023-02-17,
D00744,Dr. Raamiz iftikhaar, ENT ,DEP09,H05,(526)290-5771x547,2023-01-09,
D00745,DR. UMAIR RAASHID,Cardiology,DEP10,H02,,2023-03-10,
D00746,Dr.  Jahanzeb  Ibraaheem,orthopedics_,DEP04,H02,001-220-578-1536,2023-02-04,2023-12-18
D00747,Dr. mahfooz Aabid,Neurology,DEP07,H05,511-961-7625,2023-05-07,
D00748,Dr. Matthew Saahir,Pediatrics,DEP04,H01,(975)899-8115X48414,2023-01-14,
D00749, Dr. Ghazalan Baashir ,Pediatrics,DEP08,H02,746-303-2043x810_,2023-01-15,2023-10-29
D00750,dr. marc ghazzal,Pediatrics,DEP07,H03,001-473-866-8337x99546,2023-04-28,2024-02-10
D00751,Dr. Sharon Williams,Oncology,DEP06,H05,465-296-1616x83771,2023-01-15,
D00752,dr. john owais,Neurology,DEP10,H03,,2023-02-27,
D00753,dr.  b@@ree  @@@qil,Orthopedics,DEP07,H04,(684)326-9459x467,2023-02-07,2023-11-16
D00754,dr.  naeem  liyaaqat,Neurology,DEP02,H05,+1-815-245-3083x5753,2023-02-12,
D00755,Dr. Najeeb Douglas,orthopedics,DEP09,H02,(340)862-2992,2023-02-16,2023-11-11
D00756,dr. mad anderson, Pediatrics ,DEP07,H05,001-659-556-8551x0811,2023-03-16,
D00757,Dr. Sabiq Yafir,Oncology,DEP08,H01,986.298.6994x96508,2023-01-20,2023-07-21
D00758, DR. DENISE KELLEY ,orthopedics,DEP05,H03, 001-457-550-4007x1148 ,2023-04-16,
D00759,DR. ERIC MADIYAN,Cardiology,DEP05,H05, 001-640-381-2390x655 ,2023-06-24,2024-05-28
D00760,DR. NADEEM FLOWERS,oncology,DEP02,H04,001-555-881-1876X4251,2023-06-28,
D00761,dr. d@mur@h king,Pediatrics.,DEP06,H01, (907)613-8564 ,2023-05-08,2024-01-30
D00762,Dr. Anna RODRIGUEZ-,Pediatrics,DEP05,H02, +1-944-553-4828x30806 ,2023-01-15,2023-08-13
D00763,Dr. LAURA Brown-,Orthopedics,DEP09,H01,+1-639-859-8960x141,2023-06-15,
D00764,dr. michelle cooper,Orthopedics,DEP06,H05,,2023-02-12,2024-01-29
D00765,"Dr. Dustin, Collins",orthopedics,DEP05,H01,(363)375-4500,2023-05-23,2024-01-07
D00766,Dr. Jacqueline Moore,oncology,DEP04,H02,+1-497-971-3524x031,2023-03-20,
D00767,dr. donna aasim,cardiology,DEP08,H04,001-339-770-6318x96227,2023-03-02,
D00768, Dr. emran Sabah ,cardiology,DEP07,H03,001-915-504-5831,2023-05-11,
D00769,Dr. Cynthia Jenkins,Orthopedics,DEP07,H02,+1-431-305-3513,2023-01-12,
D00770,Dr. Abaan Qaim,Onc0l0gy,DEP05,H03,460.941.8300x5308,2023-02-27,
D00771,Dr. Baasim ali,"NEUROLOGY,",DEP06,H05,+1-646-811-9980x71699,2023-03-07,
D00772,dr.  fidvi  anderson, Pediatrics ,DEP09,H03,(617)443-4501,2023-06-07,
D00773, dr. r@h@t y@hy@@ ,ENT,DEP06,H05,472.721.0606x80920,2023-05-27,
D00774,dr.  wendy .  ubay,oncology,DEP05,H03,691.920.6023,2023-02-10,
D00775,DR. SAAQIB RABIAH,Pedi@trics,DEP01,H01,288-860-4164x91084,2023-02-22,2024-01-25
D00776, Dr. gulfaam b@sh@@r , ENT ,DEP05,H01,(253)940-8536x1062,2023-06-09,2024-06-05
D00777,Dr.  stefanie   Harmon,Neurology,DEP01,H02,+1-424-920-7420x44170,2023-02-09,
D00778,Dr. KATHERINE  Shaw,Neurology,DEP07,H05,240.798.9268x628,2023-04-06,
D00779,dr. cher@gh aamirah,Pediatrics,DEP06,H04,(464)255-4748,2023-04-09,
D00780,Dr. ANN stevens,neurology,DEP04,H04,,2023-01-10,
D00781,"Dr. Bryan Darain,",Pediatrics,DEP04,H01, 356-878-8977 ,2023-06-25,
D00782,dr. angelica ghasaan, Cardiology ,DEP05,H04,(693)656-9567,2023-04-19,
D00783,dr. jesse blackburn,Oncology,DEP01,H04,001-506-923-7629x75167,2023-05-15,2023-12-30
D00784,Dr. BAAQIR  Taaj,"Oncology,",DEP10,H03,3878748554,2023-05-06,
D00785,Dr. Luqmaan Ward, Orthopedics ,DEP07,H02,001-206-338-8173X6156,2023-05-28,2024-05-22
D00786,dr. maaz karaamat," Neurology ,",DEP01,H05, +1-898-568-7109x4467 ,2023-05-07,2023-11-07
D00787,Dr. Donald TRAVIS,ENT,DEP09,H04,+1-524-886-6874x0241,2023-02-04,2023-08-19
D00788,Dr. Dawud Mad, Cardiology ,DEP09,H02,956-735-4964,2023-01-28,2023-08-07
D00789,Dr. Sabbir gibson,neurology,DEP06,H02,001-851-933-1147x054,2023-02-25,
D00790,dr. h@mz@ qahtan,PEDIATRICS,DEP07,H02,2276755642,2023-05-14,2024-02-12
D00791,Dr. Qabeel- JOHNSON,ENT,DEP03,H01,(493)492-6754x5683,2023-05-24,
D00792,Dr. zaheer Aabid,Oncology,DEP04,H02,001-582-760-8766x9247,2023-01-13,
D00793,Dr. Stephanie Gh@uth,Oncology,DEP09,H03,+1-852-213-5061x883,2023-01-12,
D00794,dr. kimberly duncan,Orth0pedics,DEP02,H05,909-879-8960,2023-05-03,
D00795,Dr. KATHERINE carter,oncology,DEP06,H04,+1-379-698-7124,2023-05-13,2024-05-04
D00796,Dr. Elizabeth Karam,ent,DEP01,H03,+1-389-668-6345x10978,2023-01-24,
D00797,DR. WAFEEQ SMITH,Cardiology,DEP04,H04,,2023-05-07,2023-11-21
D00798,Dr.  Rafan  crawford,pediatrics,DEP04,H04,828-401-8567,2023-02-10,2023-11-02
D00799,DR. SOUMA DIAZ,Orthopedics,DEP06,H05,+1-235-790-6141,2023-06-27,2024-01-05
D00800,Dr.  Ghulaam  Edwards, Cardiology ,DEP06,H03,(203)452-9398x8091,2023-01-04,
